row_id,num_sold
26298,100
26299,100
26300,100
26301,100
26302,100
26303,100
26304,100
26305,100
26306,100
26307,100
26308,100
26309,100
26310,100
26311,100
26312,100
26313,100
26314,100
26315,100
26316,100
26317,100
26318,100
26319,100
26320,100
26321,100
26322,100
26323,100
26324,100
26325,100
26326,100
26327,100
26328,100
26329,100
26330,100
26331,100
26332,100
26333,100
26334,100
26335,100
26336,100
26337,100
26338,100
26339,100
26340,100
26341,100
26342,100
26343,100
26344,100
26345,100
26346,100
26347,100
26348,100
26349,100
26350,100
26351,100
26352,100
26353,100
26354,100
26355,100
26356,100
26357,100
26358,100
26359,100
26360,100
26361,100
26362,100
26363,100
26364,100
26365,100
26366,100
26367,100
26368,100
26369,100
26370,100
26371,100
26372,100
26373,100
26374,100
26375,100
26376,100
26377,100
26378,100
26379,100
26380,100
26381,100
26382,100
26383,100
26384,100
26385,100
26386,100
26387,100
26388,100
26389,100
26390,100
26391,100
26392,100
26393,100
26394,100
26395,100
26396,100
26397,100
26398,100
26399,100
26400,100
26401,100
26402,100
26403,100
26404,100
26405,100
26406,100
26407,100
26408,100
26409,100
26410,100
26411,100
26412,100
26413,100
26414,100
26415,100
26416,100
26417,100
26418,100
26419,100
26420,100
26421,100
26422,100
26423,100
26424,100
26425,100
26426,100
26427,100
26428,100
26429,100
26430,100
26431,100
26432,100
26433,100
26434,100
26435,100
26436,100
26437,100
26438,100
26439,100
26440,100
26441,100
26442,100
26443,100
26444,100
26445,100
26446,100
26447,100
26448,100
26449,100
26450,100
26451,100
26452,100
26453,100
26454,100
26455,100
26456,100
26457,100
26458,100
26459,100
26460,100
26461,100
26462,100
26463,100
26464,100
26465,100
26466,100
26467,100
26468,100
26469,100
26470,100
26471,100
26472,100
26473,100
26474,100
26475,100
26476,100
26477,100
26478,100
26479,100
26480,100
26481,100
26482,100
26483,100
26484,100
26485,100
26486,100
26487,100
26488,100
26489,100
26490,100
26491,100
26492,100
26493,100
26494,100
26495,100
26496,100
26497,100
26498,100
26499,100
26500,100
26501,100
26502,100
26503,100
26504,100
26505,100
26506,100
26507,100
26508,100
26509,100
26510,100
26511,100
26512,100
26513,100
26514,100
26515,100
26516,100
26517,100
26518,100
26519,100
26520,100
26521,100
26522,100
26523,100
26524,100
26525,100
26526,100
26527,100
26528,100
26529,100
26530,100
26531,100
26532,100
26533,100
26534,100
26535,100
26536,100
26537,100
26538,100
26539,100
26540,100
26541,100
26542,100
26543,100
26544,100
26545,100
26546,100
26547,100
26548,100
26549,100
26550,100
26551,100
26552,100
26553,100
26554,100
26555,100
26556,100
26557,100
26558,100
26559,100
26560,100
26561,100
26562,100
26563,100
26564,100
26565,100
26566,100
26567,100
26568,100
26569,100
26570,100
26571,100
26572,100
26573,100
26574,100
26575,100
26576,100
26577,100
26578,100
26579,100
26580,100
26581,100
26582,100
26583,100
26584,100
26585,100
26586,100
26587,100
26588,100
26589,100
26590,100
26591,100
26592,100
26593,100
26594,100
26595,100
26596,100
26597,100
26598,100
26599,100
26600,100
26601,100
26602,100
26603,100
26604,100
26605,100
26606,100
26607,100
26608,100
26609,100
26610,100
26611,100
26612,100
26613,100
26614,100
26615,100
26616,100
26617,100
26618,100
26619,100
26620,100
26621,100
26622,100
26623,100
26624,100
26625,100
26626,100
26627,100
26628,100
26629,100
26630,100
26631,100
26632,100
26633,100
26634,100
26635,100
26636,100
26637,100
26638,100
26639,100
26640,100
26641,100
26642,100
26643,100
26644,100
26645,100
26646,100
26647,100
26648,100
26649,100
26650,100
26651,100
26652,100
26653,100
26654,100
26655,100
26656,100
26657,100
26658,100
26659,100
26660,100
26661,100
26662,100
26663,100
26664,100
26665,100
26666,100
26667,100
26668,100
26669,100
26670,100
26671,100
26672,100
26673,100
26674,100
26675,100
26676,100
26677,100
26678,100
26679,100
26680,100
26681,100
26682,100
26683,100
26684,100
26685,100
26686,100
26687,100
26688,100
26689,100
26690,100
26691,100
26692,100
26693,100
26694,100
26695,100
26696,100
26697,100
26698,100
26699,100
26700,100
26701,100
26702,100
26703,100
26704,100
26705,100
26706,100
26707,100
26708,100
26709,100
26710,100
26711,100
26712,100
26713,100
26714,100
26715,100
26716,100
26717,100
26718,100
26719,100
26720,100
26721,100
26722,100
26723,100
26724,100
26725,100
26726,100
26727,100
26728,100
26729,100
26730,100
26731,100
26732,100
26733,100
26734,100
26735,100
26736,100
26737,100
26738,100
26739,100
26740,100
26741,100
26742,100
26743,100
26744,100
26745,100
26746,100
26747,100
26748,100
26749,100
26750,100
26751,100
26752,100
26753,100
26754,100
26755,100
26756,100
26757,100
26758,100
26759,100
26760,100
26761,100
26762,100
26763,100
26764,100
26765,100
26766,100
26767,100
26768,100
26769,100
26770,100
26771,100
26772,100
26773,100
26774,100
26775,100
26776,100
26777,100
26778,100
26779,100
26780,100
26781,100
26782,100
26783,100
26784,100
26785,100
26786,100
26787,100
26788,100
26789,100
26790,100
26791,100
26792,100
26793,100
26794,100
26795,100
26796,100
26797,100
26798,100
26799,100
26800,100
26801,100
26802,100
26803,100
26804,100
26805,100
26806,100
26807,100
26808,100
26809,100
26810,100
26811,100
26812,100
26813,100
26814,100
26815,100
26816,100
26817,100
26818,100
26819,100
26820,100
26821,100
26822,100
26823,100
26824,100
26825,100
26826,100
26827,100
26828,100
26829,100
26830,100
26831,100
26832,100
26833,100
26834,100
26835,100
26836,100
26837,100
26838,100
26839,100
26840,100
26841,100
26842,100
26843,100
26844,100
26845,100
26846,100
26847,100
26848,100
26849,100
26850,100
26851,100
26852,100
26853,100
26854,100
26855,100
26856,100
26857,100
26858,100
26859,100
26860,100
26861,100
26862,100
26863,100
26864,100
26865,100
26866,100
26867,100
26868,100
26869,100
26870,100
26871,100
26872,100
26873,100
26874,100
26875,100
26876,100
26877,100
26878,100
26879,100
26880,100
26881,100
26882,100
26883,100
26884,100
26885,100
26886,100
26887,100
26888,100
26889,100
26890,100
26891,100
26892,100
26893,100
26894,100
26895,100
26896,100
26897,100
26898,100
26899,100
26900,100
26901,100
26902,100
26903,100
26904,100
26905,100
26906,100
26907,100
26908,100
26909,100
26910,100
26911,100
26912,100
26913,100
26914,100
26915,100
26916,100
26917,100
26918,100
26919,100
26920,100
26921,100
26922,100
26923,100
26924,100
26925,100
26926,100
26927,100
26928,100
26929,100
26930,100
26931,100
26932,100
26933,100
26934,100
26935,100
26936,100
26937,100
26938,100
26939,100
26940,100
26941,100
26942,100
26943,100
26944,100
26945,100
26946,100
26947,100
26948,100
26949,100
26950,100
26951,100
26952,100
26953,100
26954,100
26955,100
26956,100
26957,100
26958,100
26959,100
26960,100
26961,100
26962,100
26963,100
26964,100
26965,100
26966,100
26967,100
26968,100
26969,100
26970,100
26971,100
26972,100
26973,100
26974,100
26975,100
26976,100
26977,100
26978,100
26979,100
26980,100
26981,100
26982,100
26983,100
26984,100
26985,100
26986,100
26987,100
26988,100
26989,100
26990,100
26991,100
26992,100
26993,100
26994,100
26995,100
26996,100
26997,100
26998,100
26999,100
27000,100
27001,100
27002,100
27003,100
27004,100
27005,100
27006,100
27007,100
27008,100
27009,100
27010,100
27011,100
27012,100
27013,100
27014,100
27015,100
27016,100
27017,100
27018,100
27019,100
27020,100
27021,100
27022,100
27023,100
27024,100
27025,100
27026,100
27027,100
27028,100
27029,100
27030,100
27031,100
27032,100
27033,100
27034,100
27035,100
27036,100
27037,100
27038,100
27039,100
27040,100
27041,100
27042,100
27043,100
27044,100
27045,100
27046,100
27047,100
27048,100
27049,100
27050,100
27051,100
27052,100
27053,100
27054,100
27055,100
27056,100
27057,100
27058,100
27059,100
27060,100
27061,100
27062,100
27063,100
27064,100
27065,100
27066,100
27067,100
27068,100
27069,100
27070,100
27071,100
27072,100
27073,100
27074,100
27075,100
27076,100
27077,100
27078,100
27079,100
27080,100
27081,100
27082,100
27083,100
27084,100
27085,100
27086,100
27087,100
27088,100
27089,100
27090,100
27091,100
27092,100
27093,100
27094,100
27095,100
27096,100
27097,100
27098,100
27099,100
27100,100
27101,100
27102,100
27103,100
27104,100
27105,100
27106,100
27107,100
27108,100
27109,100
27110,100
27111,100
27112,100
27113,100
27114,100
27115,100
27116,100
27117,100
27118,100
27119,100
27120,100
27121,100
27122,100
27123,100
27124,100
27125,100
27126,100
27127,100
27128,100
27129,100
27130,100
27131,100
27132,100
27133,100
27134,100
27135,100
27136,100
27137,100
27138,100
27139,100
27140,100
27141,100
27142,100
27143,100
27144,100
27145,100
27146,100
27147,100
27148,100
27149,100
27150,100
27151,100
27152,100
27153,100
27154,100
27155,100
27156,100
27157,100
27158,100
27159,100
27160,100
27161,100
27162,100
27163,100
27164,100
27165,100
27166,100
27167,100
27168,100
27169,100
27170,100
27171,100
27172,100
27173,100
27174,100
27175,100
27176,100
27177,100
27178,100
27179,100
27180,100
27181,100
27182,100
27183,100
27184,100
27185,100
27186,100
27187,100
27188,100
27189,100
27190,100
27191,100
27192,100
27193,100
27194,100
27195,100
27196,100
27197,100
27198,100
27199,100
27200,100
27201,100
27202,100
27203,100
27204,100
27205,100
27206,100
27207,100
27208,100
27209,100
27210,100
27211,100
27212,100
27213,100
27214,100
27215,100
27216,100
27217,100
27218,100
27219,100
27220,100
27221,100
27222,100
27223,100
27224,100
27225,100
27226,100
27227,100
27228,100
27229,100
27230,100
27231,100
27232,100
27233,100
27234,100
27235,100
27236,100
27237,100
27238,100
27239,100
27240,100
27241,100
27242,100
27243,100
27244,100
27245,100
27246,100
27247,100
27248,100
27249,100
27250,100
27251,100
27252,100
27253,100
27254,100
27255,100
27256,100
27257,100
27258,100
27259,100
27260,100
27261,100
27262,100
27263,100
27264,100
27265,100
27266,100
27267,100
27268,100
27269,100
27270,100
27271,100
27272,100
27273,100
27274,100
27275,100
27276,100
27277,100
27278,100
27279,100
27280,100
27281,100
27282,100
27283,100
27284,100
27285,100
27286,100
27287,100
27288,100
27289,100
27290,100
27291,100
27292,100
27293,100
27294,100
27295,100
27296,100
27297,100
27298,100
27299,100
27300,100
27301,100
27302,100
27303,100
27304,100
27305,100
27306,100
27307,100
27308,100
27309,100
27310,100
27311,100
27312,100
27313,100
27314,100
27315,100
27316,100
27317,100
27318,100
27319,100
27320,100
27321,100
27322,100
27323,100
27324,100
27325,100
27326,100
27327,100
27328,100
27329,100
27330,100
27331,100
27332,100
27333,100
27334,100
27335,100
27336,100
27337,100
27338,100
27339,100
27340,100
27341,100
27342,100
27343,100
27344,100
27345,100
27346,100
27347,100
27348,100
27349,100
27350,100
27351,100
27352,100
27353,100
27354,100
27355,100
27356,100
27357,100
27358,100
27359,100
27360,100
27361,100
27362,100
27363,100
27364,100
27365,100
27366,100
27367,100
27368,100
27369,100
27370,100
27371,100
27372,100
27373,100
27374,100
27375,100
27376,100
27377,100
27378,100
27379,100
27380,100
27381,100
27382,100
27383,100
27384,100
27385,100
27386,100
27387,100
27388,100
27389,100
27390,100
27391,100
27392,100
27393,100
27394,100
27395,100
27396,100
27397,100
27398,100
27399,100
27400,100
27401,100
27402,100
27403,100
27404,100
27405,100
27406,100
27407,100
27408,100
27409,100
27410,100
27411,100
27412,100
27413,100
27414,100
27415,100
27416,100
27417,100
27418,100
27419,100
27420,100
27421,100
27422,100
27423,100
27424,100
27425,100
27426,100
27427,100
27428,100
27429,100
27430,100
27431,100
27432,100
27433,100
27434,100
27435,100
27436,100
27437,100
27438,100
27439,100
27440,100
27441,100
27442,100
27443,100
27444,100
27445,100
27446,100
27447,100
27448,100
27449,100
27450,100
27451,100
27452,100
27453,100
27454,100
27455,100
27456,100
27457,100
27458,100
27459,100
27460,100
27461,100
27462,100
27463,100
27464,100
27465,100
27466,100
27467,100
27468,100
27469,100
27470,100
27471,100
27472,100
27473,100
27474,100
27475,100
27476,100
27477,100
27478,100
27479,100
27480,100
27481,100
27482,100
27483,100
27484,100
27485,100
27486,100
27487,100
27488,100
27489,100
27490,100
27491,100
27492,100
27493,100
27494,100
27495,100
27496,100
27497,100
27498,100
27499,100
27500,100
27501,100
27502,100
27503,100
27504,100
27505,100
27506,100
27507,100
27508,100
27509,100
27510,100
27511,100
27512,100
27513,100
27514,100
27515,100
27516,100
27517,100
27518,100
27519,100
27520,100
27521,100
27522,100
27523,100
27524,100
27525,100
27526,100
27527,100
27528,100
27529,100
27530,100
27531,100
27532,100
27533,100
27534,100
27535,100
27536,100
27537,100
27538,100
27539,100
27540,100
27541,100
27542,100
27543,100
27544,100
27545,100
27546,100
27547,100
27548,100
27549,100
27550,100
27551,100
27552,100
27553,100
27554,100
27555,100
27556,100
27557,100
27558,100
27559,100
27560,100
27561,100
27562,100
27563,100
27564,100
27565,100
27566,100
27567,100
27568,100
27569,100
27570,100
27571,100
27572,100
27573,100
27574,100
27575,100
27576,100
27577,100
27578,100
27579,100
27580,100
27581,100
27582,100
27583,100
27584,100
27585,100
27586,100
27587,100
27588,100
27589,100
27590,100
27591,100
27592,100
27593,100
27594,100
27595,100
27596,100
27597,100
27598,100
27599,100
27600,100
27601,100
27602,100
27603,100
27604,100
27605,100
27606,100
27607,100
27608,100
27609,100
27610,100
27611,100
27612,100
27613,100
27614,100
27615,100
27616,100
27617,100
27618,100
27619,100
27620,100
27621,100
27622,100
27623,100
27624,100
27625,100
27626,100
27627,100
27628,100
27629,100
27630,100
27631,100
27632,100
27633,100
27634,100
27635,100
27636,100
27637,100
27638,100
27639,100
27640,100
27641,100
27642,100
27643,100
27644,100
27645,100
27646,100
27647,100
27648,100
27649,100
27650,100
27651,100
27652,100
27653,100
27654,100
27655,100
27656,100
27657,100
27658,100
27659,100
27660,100
27661,100
27662,100
27663,100
27664,100
27665,100
27666,100
27667,100
27668,100
27669,100
27670,100
27671,100
27672,100
27673,100
27674,100
27675,100
27676,100
27677,100
27678,100
27679,100
27680,100
27681,100
27682,100
27683,100
27684,100
27685,100
27686,100
27687,100
27688,100
27689,100
27690,100
27691,100
27692,100
27693,100
27694,100
27695,100
27696,100
27697,100
27698,100
27699,100
27700,100
27701,100
27702,100
27703,100
27704,100
27705,100
27706,100
27707,100
27708,100
27709,100
27710,100
27711,100
27712,100
27713,100
27714,100
27715,100
27716,100
27717,100
27718,100
27719,100
27720,100
27721,100
27722,100
27723,100
27724,100
27725,100
27726,100
27727,100
27728,100
27729,100
27730,100
27731,100
27732,100
27733,100
27734,100
27735,100
27736,100
27737,100
27738,100
27739,100
27740,100
27741,100
27742,100
27743,100
27744,100
27745,100
27746,100
27747,100
27748,100
27749,100
27750,100
27751,100
27752,100
27753,100
27754,100
27755,100
27756,100
27757,100
27758,100
27759,100
27760,100
27761,100
27762,100
27763,100
27764,100
27765,100
27766,100
27767,100
27768,100
27769,100
27770,100
27771,100
27772,100
27773,100
27774,100
27775,100
27776,100
27777,100
27778,100
27779,100
27780,100
27781,100
27782,100
27783,100
27784,100
27785,100
27786,100
27787,100
27788,100
27789,100
27790,100
27791,100
27792,100
27793,100
27794,100
27795,100
27796,100
27797,100
27798,100
27799,100
27800,100
27801,100
27802,100
27803,100
27804,100
27805,100
27806,100
27807,100
27808,100
27809,100
27810,100
27811,100
27812,100
27813,100
27814,100
27815,100
27816,100
27817,100
27818,100
27819,100
27820,100
27821,100
27822,100
27823,100
27824,100
27825,100
27826,100
27827,100
27828,100
27829,100
27830,100
27831,100
27832,100
27833,100
27834,100
27835,100
27836,100
27837,100
27838,100
27839,100
27840,100
27841,100
27842,100
27843,100
27844,100
27845,100
27846,100
27847,100
27848,100
27849,100
27850,100
27851,100
27852,100
27853,100
27854,100
27855,100
27856,100
27857,100
27858,100
27859,100
27860,100
27861,100
27862,100
27863,100
27864,100
27865,100
27866,100
27867,100
27868,100
27869,100
27870,100
27871,100
27872,100
27873,100
27874,100
27875,100
27876,100
27877,100
27878,100
27879,100
27880,100
27881,100
27882,100
27883,100
27884,100
27885,100
27886,100
27887,100
27888,100
27889,100
27890,100
27891,100
27892,100
27893,100
27894,100
27895,100
27896,100
27897,100
27898,100
27899,100
27900,100
27901,100
27902,100
27903,100
27904,100
27905,100
27906,100
27907,100
27908,100
27909,100
27910,100
27911,100
27912,100
27913,100
27914,100
27915,100
27916,100
27917,100
27918,100
27919,100
27920,100
27921,100
27922,100
27923,100
27924,100
27925,100
27926,100
27927,100
27928,100
27929,100
27930,100
27931,100
27932,100
27933,100
27934,100
27935,100
27936,100
27937,100
27938,100
27939,100
27940,100
27941,100
27942,100
27943,100
27944,100
27945,100
27946,100
27947,100
27948,100
27949,100
27950,100
27951,100
27952,100
27953,100
27954,100
27955,100
27956,100
27957,100
27958,100
27959,100
27960,100
27961,100
27962,100
27963,100
27964,100
27965,100
27966,100
27967,100
27968,100
27969,100
27970,100
27971,100
27972,100
27973,100
27974,100
27975,100
27976,100
27977,100
27978,100
27979,100
27980,100
27981,100
27982,100
27983,100
27984,100
27985,100
27986,100
27987,100
27988,100
27989,100
27990,100
27991,100
27992,100
27993,100
27994,100
27995,100
27996,100
27997,100
27998,100
27999,100
28000,100
28001,100
28002,100
28003,100
28004,100
28005,100
28006,100
28007,100
28008,100
28009,100
28010,100
28011,100
28012,100
28013,100
28014,100
28015,100
28016,100
28017,100
28018,100
28019,100
28020,100
28021,100
28022,100
28023,100
28024,100
28025,100
28026,100
28027,100
28028,100
28029,100
28030,100
28031,100
28032,100
28033,100
28034,100
28035,100
28036,100
28037,100
28038,100
28039,100
28040,100
28041,100
28042,100
28043,100
28044,100
28045,100
28046,100
28047,100
28048,100
28049,100
28050,100
28051,100
28052,100
28053,100
28054,100
28055,100
28056,100
28057,100
28058,100
28059,100
28060,100
28061,100
28062,100
28063,100
28064,100
28065,100
28066,100
28067,100
28068,100
28069,100
28070,100
28071,100
28072,100
28073,100
28074,100
28075,100
28076,100
28077,100
28078,100
28079,100
28080,100
28081,100
28082,100
28083,100
28084,100
28085,100
28086,100
28087,100
28088,100
28089,100
28090,100
28091,100
28092,100
28093,100
28094,100
28095,100
28096,100
28097,100
28098,100
28099,100
28100,100
28101,100
28102,100
28103,100
28104,100
28105,100
28106,100
28107,100
28108,100
28109,100
28110,100
28111,100
28112,100
28113,100
28114,100
28115,100
28116,100
28117,100
28118,100
28119,100
28120,100
28121,100
28122,100
28123,100
28124,100
28125,100
28126,100
28127,100
28128,100
28129,100
28130,100
28131,100
28132,100
28133,100
28134,100
28135,100
28136,100
28137,100
28138,100
28139,100
28140,100
28141,100
28142,100
28143,100
28144,100
28145,100
28146,100
28147,100
28148,100
28149,100
28150,100
28151,100
28152,100
28153,100
28154,100
28155,100
28156,100
28157,100
28158,100
28159,100
28160,100
28161,100
28162,100
28163,100
28164,100
28165,100
28166,100
28167,100
28168,100
28169,100
28170,100
28171,100
28172,100
28173,100
28174,100
28175,100
28176,100
28177,100
28178,100
28179,100
28180,100
28181,100
28182,100
28183,100
28184,100
28185,100
28186,100
28187,100
28188,100
28189,100
28190,100
28191,100
28192,100
28193,100
28194,100
28195,100
28196,100
28197,100
28198,100
28199,100
28200,100
28201,100
28202,100
28203,100
28204,100
28205,100
28206,100
28207,100
28208,100
28209,100
28210,100
28211,100
28212,100
28213,100
28214,100
28215,100
28216,100
28217,100
28218,100
28219,100
28220,100
28221,100
28222,100
28223,100
28224,100
28225,100
28226,100
28227,100
28228,100
28229,100
28230,100
28231,100
28232,100
28233,100
28234,100
28235,100
28236,100
28237,100
28238,100
28239,100
28240,100
28241,100
28242,100
28243,100
28244,100
28245,100
28246,100
28247,100
28248,100
28249,100
28250,100
28251,100
28252,100
28253,100
28254,100
28255,100
28256,100
28257,100
28258,100
28259,100
28260,100
28261,100
28262,100
28263,100
28264,100
28265,100
28266,100
28267,100
28268,100
28269,100
28270,100
28271,100
28272,100
28273,100
28274,100
28275,100
28276,100
28277,100
28278,100
28279,100
28280,100
28281,100
28282,100
28283,100
28284,100
28285,100
28286,100
28287,100
28288,100
28289,100
28290,100
28291,100
28292,100
28293,100
28294,100
28295,100
28296,100
28297,100
28298,100
28299,100
28300,100
28301,100
28302,100
28303,100
28304,100
28305,100
28306,100
28307,100
28308,100
28309,100
28310,100
28311,100
28312,100
28313,100
28314,100
28315,100
28316,100
28317,100
28318,100
28319,100
28320,100
28321,100
28322,100
28323,100
28324,100
28325,100
28326,100
28327,100
28328,100
28329,100
28330,100
28331,100
28332,100
28333,100
28334,100
28335,100
28336,100
28337,100
28338,100
28339,100
28340,100
28341,100
28342,100
28343,100
28344,100
28345,100
28346,100
28347,100
28348,100
28349,100
28350,100
28351,100
28352,100
28353,100
28354,100
28355,100
28356,100
28357,100
28358,100
28359,100
28360,100
28361,100
28362,100
28363,100
28364,100
28365,100
28366,100
28367,100
28368,100
28369,100
28370,100
28371,100
28372,100
28373,100
28374,100
28375,100
28376,100
28377,100
28378,100
28379,100
28380,100
28381,100
28382,100
28383,100
28384,100
28385,100
28386,100
28387,100
28388,100
28389,100
28390,100
28391,100
28392,100
28393,100
28394,100
28395,100
28396,100
28397,100
28398,100
28399,100
28400,100
28401,100
28402,100
28403,100
28404,100
28405,100
28406,100
28407,100
28408,100
28409,100
28410,100
28411,100
28412,100
28413,100
28414,100
28415,100
28416,100
28417,100
28418,100
28419,100
28420,100
28421,100
28422,100
28423,100
28424,100
28425,100
28426,100
28427,100
28428,100
28429,100
28430,100
28431,100
28432,100
28433,100
28434,100
28435,100
28436,100
28437,100
28438,100
28439,100
28440,100
28441,100
28442,100
28443,100
28444,100
28445,100
28446,100
28447,100
28448,100
28449,100
28450,100
28451,100
28452,100
28453,100
28454,100
28455,100
28456,100
28457,100
28458,100
28459,100
28460,100
28461,100
28462,100
28463,100
28464,100
28465,100
28466,100
28467,100
28468,100
28469,100
28470,100
28471,100
28472,100
28473,100
28474,100
28475,100
28476,100
28477,100
28478,100
28479,100
28480,100
28481,100
28482,100
28483,100
28484,100
28485,100
28486,100
28487,100
28488,100
28489,100
28490,100
28491,100
28492,100
28493,100
28494,100
28495,100
28496,100
28497,100
28498,100
28499,100
28500,100
28501,100
28502,100
28503,100
28504,100
28505,100
28506,100
28507,100
28508,100
28509,100
28510,100
28511,100
28512,100
28513,100
28514,100
28515,100
28516,100
28517,100
28518,100
28519,100
28520,100
28521,100
28522,100
28523,100
28524,100
28525,100
28526,100
28527,100
28528,100
28529,100
28530,100
28531,100
28532,100
28533,100
28534,100
28535,100
28536,100
28537,100
28538,100
28539,100
28540,100
28541,100
28542,100
28543,100
28544,100
28545,100
28546,100
28547,100
28548,100
28549,100
28550,100
28551,100
28552,100
28553,100
28554,100
28555,100
28556,100
28557,100
28558,100
28559,100
28560,100
28561,100
28562,100
28563,100
28564,100
28565,100
28566,100
28567,100
28568,100
28569,100
28570,100
28571,100
28572,100
28573,100
28574,100
28575,100
28576,100
28577,100
28578,100
28579,100
28580,100
28581,100
28582,100
28583,100
28584,100
28585,100
28586,100
28587,100
28588,100
28589,100
28590,100
28591,100
28592,100
28593,100
28594,100
28595,100
28596,100
28597,100
28598,100
28599,100
28600,100
28601,100
28602,100
28603,100
28604,100
28605,100
28606,100
28607,100
28608,100
28609,100
28610,100
28611,100
28612,100
28613,100
28614,100
28615,100
28616,100
28617,100
28618,100
28619,100
28620,100
28621,100
28622,100
28623,100
28624,100
28625,100
28626,100
28627,100
28628,100
28629,100
28630,100
28631,100
28632,100
28633,100
28634,100
28635,100
28636,100
28637,100
28638,100
28639,100
28640,100
28641,100
28642,100
28643,100
28644,100
28645,100
28646,100
28647,100
28648,100
28649,100
28650,100
28651,100
28652,100
28653,100
28654,100
28655,100
28656,100
28657,100
28658,100
28659,100
28660,100
28661,100
28662,100
28663,100
28664,100
28665,100
28666,100
28667,100
28668,100
28669,100
28670,100
28671,100
28672,100
28673,100
28674,100
28675,100
28676,100
28677,100
28678,100
28679,100
28680,100
28681,100
28682,100
28683,100
28684,100
28685,100
28686,100
28687,100
28688,100
28689,100
28690,100
28691,100
28692,100
28693,100
28694,100
28695,100
28696,100
28697,100
28698,100
28699,100
28700,100
28701,100
28702,100
28703,100
28704,100
28705,100
28706,100
28707,100
28708,100
28709,100
28710,100
28711,100
28712,100
28713,100
28714,100
28715,100
28716,100
28717,100
28718,100
28719,100
28720,100
28721,100
28722,100
28723,100
28724,100
28725,100
28726,100
28727,100
28728,100
28729,100
28730,100
28731,100
28732,100
28733,100
28734,100
28735,100
28736,100
28737,100
28738,100
28739,100
28740,100
28741,100
28742,100
28743,100
28744,100
28745,100
28746,100
28747,100
28748,100
28749,100
28750,100
28751,100
28752,100
28753,100
28754,100
28755,100
28756,100
28757,100
28758,100
28759,100
28760,100
28761,100
28762,100
28763,100
28764,100
28765,100
28766,100
28767,100
28768,100
28769,100
28770,100
28771,100
28772,100
28773,100
28774,100
28775,100
28776,100
28777,100
28778,100
28779,100
28780,100
28781,100
28782,100
28783,100
28784,100
28785,100
28786,100
28787,100
28788,100
28789,100
28790,100
28791,100
28792,100
28793,100
28794,100
28795,100
28796,100
28797,100
28798,100
28799,100
28800,100
28801,100
28802,100
28803,100
28804,100
28805,100
28806,100
28807,100
28808,100
28809,100
28810,100
28811,100
28812,100
28813,100
28814,100
28815,100
28816,100
28817,100
28818,100
28819,100
28820,100
28821,100
28822,100
28823,100
28824,100
28825,100
28826,100
28827,100
28828,100
28829,100
28830,100
28831,100
28832,100
28833,100
28834,100
28835,100
28836,100
28837,100
28838,100
28839,100
28840,100
28841,100
28842,100
28843,100
28844,100
28845,100
28846,100
28847,100
28848,100
28849,100
28850,100
28851,100
28852,100
28853,100
28854,100
28855,100
28856,100
28857,100
28858,100
28859,100
28860,100
28861,100
28862,100
28863,100
28864,100
28865,100
28866,100
28867,100
28868,100
28869,100
28870,100
28871,100
28872,100
28873,100
28874,100
28875,100
28876,100
28877,100
28878,100
28879,100
28880,100
28881,100
28882,100
28883,100
28884,100
28885,100
28886,100
28887,100
28888,100
28889,100
28890,100
28891,100
28892,100
28893,100
28894,100
28895,100
28896,100
28897,100
28898,100
28899,100
28900,100
28901,100
28902,100
28903,100
28904,100
28905,100
28906,100
28907,100
28908,100
28909,100
28910,100
28911,100
28912,100
28913,100
28914,100
28915,100
28916,100
28917,100
28918,100
28919,100
28920,100
28921,100
28922,100
28923,100
28924,100
28925,100
28926,100
28927,100
28928,100
28929,100
28930,100
28931,100
28932,100
28933,100
28934,100
28935,100
28936,100
28937,100
28938,100
28939,100
28940,100
28941,100
28942,100
28943,100
28944,100
28945,100
28946,100
28947,100
28948,100
28949,100
28950,100
28951,100
28952,100
28953,100
28954,100
28955,100
28956,100
28957,100
28958,100
28959,100
28960,100
28961,100
28962,100
28963,100
28964,100
28965,100
28966,100
28967,100
28968,100
28969,100
28970,100
28971,100
28972,100
28973,100
28974,100
28975,100
28976,100
28977,100
28978,100
28979,100
28980,100
28981,100
28982,100
28983,100
28984,100
28985,100
28986,100
28987,100
28988,100
28989,100
28990,100
28991,100
28992,100
28993,100
28994,100
28995,100
28996,100
28997,100
28998,100
28999,100
29000,100
29001,100
29002,100
29003,100
29004,100
29005,100
29006,100
29007,100
29008,100
29009,100
29010,100
29011,100
29012,100
29013,100
29014,100
29015,100
29016,100
29017,100
29018,100
29019,100
29020,100
29021,100
29022,100
29023,100
29024,100
29025,100
29026,100
29027,100
29028,100
29029,100
29030,100
29031,100
29032,100
29033,100
29034,100
29035,100
29036,100
29037,100
29038,100
29039,100
29040,100
29041,100
29042,100
29043,100
29044,100
29045,100
29046,100
29047,100
29048,100
29049,100
29050,100
29051,100
29052,100
29053,100
29054,100
29055,100
29056,100
29057,100
29058,100
29059,100
29060,100
29061,100
29062,100
29063,100
29064,100
29065,100
29066,100
29067,100
29068,100
29069,100
29070,100
29071,100
29072,100
29073,100
29074,100
29075,100
29076,100
29077,100
29078,100
29079,100
29080,100
29081,100
29082,100
29083,100
29084,100
29085,100
29086,100
29087,100
29088,100
29089,100
29090,100
29091,100
29092,100
29093,100
29094,100
29095,100
29096,100
29097,100
29098,100
29099,100
29100,100
29101,100
29102,100
29103,100
29104,100
29105,100
29106,100
29107,100
29108,100
29109,100
29110,100
29111,100
29112,100
29113,100
29114,100
29115,100
29116,100
29117,100
29118,100
29119,100
29120,100
29121,100
29122,100
29123,100
29124,100
29125,100
29126,100
29127,100
29128,100
29129,100
29130,100
29131,100
29132,100
29133,100
29134,100
29135,100
29136,100
29137,100
29138,100
29139,100
29140,100
29141,100
29142,100
29143,100
29144,100
29145,100
29146,100
29147,100
29148,100
29149,100
29150,100
29151,100
29152,100
29153,100
29154,100
29155,100
29156,100
29157,100
29158,100
29159,100
29160,100
29161,100
29162,100
29163,100
29164,100
29165,100
29166,100
29167,100
29168,100
29169,100
29170,100
29171,100
29172,100
29173,100
29174,100
29175,100
29176,100
29177,100
29178,100
29179,100
29180,100
29181,100
29182,100
29183,100
29184,100
29185,100
29186,100
29187,100
29188,100
29189,100
29190,100
29191,100
29192,100
29193,100
29194,100
29195,100
29196,100
29197,100
29198,100
29199,100
29200,100
29201,100
29202,100
29203,100
29204,100
29205,100
29206,100
29207,100
29208,100
29209,100
29210,100
29211,100
29212,100
29213,100
29214,100
29215,100
29216,100
29217,100
29218,100
29219,100
29220,100
29221,100
29222,100
29223,100
29224,100
29225,100
29226,100
29227,100
29228,100
29229,100
29230,100
29231,100
29232,100
29233,100
29234,100
29235,100
29236,100
29237,100
29238,100
29239,100
29240,100
29241,100
29242,100
29243,100
29244,100
29245,100
29246,100
29247,100
29248,100
29249,100
29250,100
29251,100
29252,100
29253,100
29254,100
29255,100
29256,100
29257,100
29258,100
29259,100
29260,100
29261,100
29262,100
29263,100
29264,100
29265,100
29266,100
29267,100
29268,100
29269,100
29270,100
29271,100
29272,100
29273,100
29274,100
29275,100
29276,100
29277,100
29278,100
29279,100
29280,100
29281,100
29282,100
29283,100
29284,100
29285,100
29286,100
29287,100
29288,100
29289,100
29290,100
29291,100
29292,100
29293,100
29294,100
29295,100
29296,100
29297,100
29298,100
29299,100
29300,100
29301,100
29302,100
29303,100
29304,100
29305,100
29306,100
29307,100
29308,100
29309,100
29310,100
29311,100
29312,100
29313,100
29314,100
29315,100
29316,100
29317,100
29318,100
29319,100
29320,100
29321,100
29322,100
29323,100
29324,100
29325,100
29326,100
29327,100
29328,100
29329,100
29330,100
29331,100
29332,100
29333,100
29334,100
29335,100
29336,100
29337,100
29338,100
29339,100
29340,100
29341,100
29342,100
29343,100
29344,100
29345,100
29346,100
29347,100
29348,100
29349,100
29350,100
29351,100
29352,100
29353,100
29354,100
29355,100
29356,100
29357,100
29358,100
29359,100
29360,100
29361,100
29362,100
29363,100
29364,100
29365,100
29366,100
29367,100
29368,100
29369,100
29370,100
29371,100
29372,100
29373,100
29374,100
29375,100
29376,100
29377,100
29378,100
29379,100
29380,100
29381,100
29382,100
29383,100
29384,100
29385,100
29386,100
29387,100
29388,100
29389,100
29390,100
29391,100
29392,100
29393,100
29394,100
29395,100
29396,100
29397,100
29398,100
29399,100
29400,100
29401,100
29402,100
29403,100
29404,100
29405,100
29406,100
29407,100
29408,100
29409,100
29410,100
29411,100
29412,100
29413,100
29414,100
29415,100
29416,100
29417,100
29418,100
29419,100
29420,100
29421,100
29422,100
29423,100
29424,100
29425,100
29426,100
29427,100
29428,100
29429,100
29430,100
29431,100
29432,100
29433,100
29434,100
29435,100
29436,100
29437,100
29438,100
29439,100
29440,100
29441,100
29442,100
29443,100
29444,100
29445,100
29446,100
29447,100
29448,100
29449,100
29450,100
29451,100
29452,100
29453,100
29454,100
29455,100
29456,100
29457,100
29458,100
29459,100
29460,100
29461,100
29462,100
29463,100
29464,100
29465,100
29466,100
29467,100
29468,100
29469,100
29470,100
29471,100
29472,100
29473,100
29474,100
29475,100
29476,100
29477,100
29478,100
29479,100
29480,100
29481,100
29482,100
29483,100
29484,100
29485,100
29486,100
29487,100
29488,100
29489,100
29490,100
29491,100
29492,100
29493,100
29494,100
29495,100
29496,100
29497,100
29498,100
29499,100
29500,100
29501,100
29502,100
29503,100
29504,100
29505,100
29506,100
29507,100
29508,100
29509,100
29510,100
29511,100
29512,100
29513,100
29514,100
29515,100
29516,100
29517,100
29518,100
29519,100
29520,100
29521,100
29522,100
29523,100
29524,100
29525,100
29526,100
29527,100
29528,100
29529,100
29530,100
29531,100
29532,100
29533,100
29534,100
29535,100
29536,100
29537,100
29538,100
29539,100
29540,100
29541,100
29542,100
29543,100
29544,100
29545,100
29546,100
29547,100
29548,100
29549,100
29550,100
29551,100
29552,100
29553,100
29554,100
29555,100
29556,100
29557,100
29558,100
29559,100
29560,100
29561,100
29562,100
29563,100
29564,100
29565,100
29566,100
29567,100
29568,100
29569,100
29570,100
29571,100
29572,100
29573,100
29574,100
29575,100
29576,100
29577,100
29578,100
29579,100
29580,100
29581,100
29582,100
29583,100
29584,100
29585,100
29586,100
29587,100
29588,100
29589,100
29590,100
29591,100
29592,100
29593,100
29594,100
29595,100
29596,100
29597,100
29598,100
29599,100
29600,100
29601,100
29602,100
29603,100
29604,100
29605,100
29606,100
29607,100
29608,100
29609,100
29610,100
29611,100
29612,100
29613,100
29614,100
29615,100
29616,100
29617,100
29618,100
29619,100
29620,100
29621,100
29622,100
29623,100
29624,100
29625,100
29626,100
29627,100
29628,100
29629,100
29630,100
29631,100
29632,100
29633,100
29634,100
29635,100
29636,100
29637,100
29638,100
29639,100
29640,100
29641,100
29642,100
29643,100
29644,100
29645,100
29646,100
29647,100
29648,100
29649,100
29650,100
29651,100
29652,100
29653,100
29654,100
29655,100
29656,100
29657,100
29658,100
29659,100
29660,100
29661,100
29662,100
29663,100
29664,100
29665,100
29666,100
29667,100
29668,100
29669,100
29670,100
29671,100
29672,100
29673,100
29674,100
29675,100
29676,100
29677,100
29678,100
29679,100
29680,100
29681,100
29682,100
29683,100
29684,100
29685,100
29686,100
29687,100
29688,100
29689,100
29690,100
29691,100
29692,100
29693,100
29694,100
29695,100
29696,100
29697,100
29698,100
29699,100
29700,100
29701,100
29702,100
29703,100
29704,100
29705,100
29706,100
29707,100
29708,100
29709,100
29710,100
29711,100
29712,100
29713,100
29714,100
29715,100
29716,100
29717,100
29718,100
29719,100
29720,100
29721,100
29722,100
29723,100
29724,100
29725,100
29726,100
29727,100
29728,100
29729,100
29730,100
29731,100
29732,100
29733,100
29734,100
29735,100
29736,100
29737,100
29738,100
29739,100
29740,100
29741,100
29742,100
29743,100
29744,100
29745,100
29746,100
29747,100
29748,100
29749,100
29750,100
29751,100
29752,100
29753,100
29754,100
29755,100
29756,100
29757,100
29758,100
29759,100
29760,100
29761,100
29762,100
29763,100
29764,100
29765,100
29766,100
29767,100
29768,100
29769,100
29770,100
29771,100
29772,100
29773,100
29774,100
29775,100
29776,100
29777,100
29778,100
29779,100
29780,100
29781,100
29782,100
29783,100
29784,100
29785,100
29786,100
29787,100
29788,100
29789,100
29790,100
29791,100
29792,100
29793,100
29794,100
29795,100
29796,100
29797,100
29798,100
29799,100
29800,100
29801,100
29802,100
29803,100
29804,100
29805,100
29806,100
29807,100
29808,100
29809,100
29810,100
29811,100
29812,100
29813,100
29814,100
29815,100
29816,100
29817,100
29818,100
29819,100
29820,100
29821,100
29822,100
29823,100
29824,100
29825,100
29826,100
29827,100
29828,100
29829,100
29830,100
29831,100
29832,100
29833,100
29834,100
29835,100
29836,100
29837,100
29838,100
29839,100
29840,100
29841,100
29842,100
29843,100
29844,100
29845,100
29846,100
29847,100
29848,100
29849,100
29850,100
29851,100
29852,100
29853,100
29854,100
29855,100
29856,100
29857,100
29858,100
29859,100
29860,100
29861,100
29862,100
29863,100
29864,100
29865,100
29866,100
29867,100
29868,100
29869,100
29870,100
29871,100
29872,100
29873,100
29874,100
29875,100
29876,100
29877,100
29878,100
29879,100
29880,100
29881,100
29882,100
29883,100
29884,100
29885,100
29886,100
29887,100
29888,100
29889,100
29890,100
29891,100
29892,100
29893,100
29894,100
29895,100
29896,100
29897,100
29898,100
29899,100
29900,100
29901,100
29902,100
29903,100
29904,100
29905,100
29906,100
29907,100
29908,100
29909,100
29910,100
29911,100
29912,100
29913,100
29914,100
29915,100
29916,100
29917,100
29918,100
29919,100
29920,100
29921,100
29922,100
29923,100
29924,100
29925,100
29926,100
29927,100
29928,100
29929,100
29930,100
29931,100
29932,100
29933,100
29934,100
29935,100
29936,100
29937,100
29938,100
29939,100
29940,100
29941,100
29942,100
29943,100
29944,100
29945,100
29946,100
29947,100
29948,100
29949,100
29950,100
29951,100
29952,100
29953,100
29954,100
29955,100
29956,100
29957,100
29958,100
29959,100
29960,100
29961,100
29962,100
29963,100
29964,100
29965,100
29966,100
29967,100
29968,100
29969,100
29970,100
29971,100
29972,100
29973,100
29974,100
29975,100
29976,100
29977,100
29978,100
29979,100
29980,100
29981,100
29982,100
29983,100
29984,100
29985,100
29986,100
29987,100
29988,100
29989,100
29990,100
29991,100
29992,100
29993,100
29994,100
29995,100
29996,100
29997,100
29998,100
29999,100
30000,100
30001,100
30002,100
30003,100
30004,100
30005,100
30006,100
30007,100
30008,100
30009,100
30010,100
30011,100
30012,100
30013,100
30014,100
30015,100
30016,100
30017,100
30018,100
30019,100
30020,100
30021,100
30022,100
30023,100
30024,100
30025,100
30026,100
30027,100
30028,100
30029,100
30030,100
30031,100
30032,100
30033,100
30034,100
30035,100
30036,100
30037,100
30038,100
30039,100
30040,100
30041,100
30042,100
30043,100
30044,100
30045,100
30046,100
30047,100
30048,100
30049,100
30050,100
30051,100
30052,100
30053,100
30054,100
30055,100
30056,100
30057,100
30058,100
30059,100
30060,100
30061,100
30062,100
30063,100
30064,100
30065,100
30066,100
30067,100
30068,100
30069,100
30070,100
30071,100
30072,100
30073,100
30074,100
30075,100
30076,100
30077,100
30078,100
30079,100
30080,100
30081,100
30082,100
30083,100
30084,100
30085,100
30086,100
30087,100
30088,100
30089,100
30090,100
30091,100
30092,100
30093,100
30094,100
30095,100
30096,100
30097,100
30098,100
30099,100
30100,100
30101,100
30102,100
30103,100
30104,100
30105,100
30106,100
30107,100
30108,100
30109,100
30110,100
30111,100
30112,100
30113,100
30114,100
30115,100
30116,100
30117,100
30118,100
30119,100
30120,100
30121,100
30122,100
30123,100
30124,100
30125,100
30126,100
30127,100
30128,100
30129,100
30130,100
30131,100
30132,100
30133,100
30134,100
30135,100
30136,100
30137,100
30138,100
30139,100
30140,100
30141,100
30142,100
30143,100
30144,100
30145,100
30146,100
30147,100
30148,100
30149,100
30150,100
30151,100
30152,100
30153,100
30154,100
30155,100
30156,100
30157,100
30158,100
30159,100
30160,100
30161,100
30162,100
30163,100
30164,100
30165,100
30166,100
30167,100
30168,100
30169,100
30170,100
30171,100
30172,100
30173,100
30174,100
30175,100
30176,100
30177,100
30178,100
30179,100
30180,100
30181,100
30182,100
30183,100
30184,100
30185,100
30186,100
30187,100
30188,100
30189,100
30190,100
30191,100
30192,100
30193,100
30194,100
30195,100
30196,100
30197,100
30198,100
30199,100
30200,100
30201,100
30202,100
30203,100
30204,100
30205,100
30206,100
30207,100
30208,100
30209,100
30210,100
30211,100
30212,100
30213,100
30214,100
30215,100
30216,100
30217,100
30218,100
30219,100
30220,100
30221,100
30222,100
30223,100
30224,100
30225,100
30226,100
30227,100
30228,100
30229,100
30230,100
30231,100
30232,100
30233,100
30234,100
30235,100
30236,100
30237,100
30238,100
30239,100
30240,100
30241,100
30242,100
30243,100
30244,100
30245,100
30246,100
30247,100
30248,100
30249,100
30250,100
30251,100
30252,100
30253,100
30254,100
30255,100
30256,100
30257,100
30258,100
30259,100
30260,100
30261,100
30262,100
30263,100
30264,100
30265,100
30266,100
30267,100
30268,100
30269,100
30270,100
30271,100
30272,100
30273,100
30274,100
30275,100
30276,100
30277,100
30278,100
30279,100
30280,100
30281,100
30282,100
30283,100
30284,100
30285,100
30286,100
30287,100
30288,100
30289,100
30290,100
30291,100
30292,100
30293,100
30294,100
30295,100
30296,100
30297,100
30298,100
30299,100
30300,100
30301,100
30302,100
30303,100
30304,100
30305,100
30306,100
30307,100
30308,100
30309,100
30310,100
30311,100
30312,100
30313,100
30314,100
30315,100
30316,100
30317,100
30318,100
30319,100
30320,100
30321,100
30322,100
30323,100
30324,100
30325,100
30326,100
30327,100
30328,100
30329,100
30330,100
30331,100
30332,100
30333,100
30334,100
30335,100
30336,100
30337,100
30338,100
30339,100
30340,100
30341,100
30342,100
30343,100
30344,100
30345,100
30346,100
30347,100
30348,100
30349,100
30350,100
30351,100
30352,100
30353,100
30354,100
30355,100
30356,100
30357,100
30358,100
30359,100
30360,100
30361,100
30362,100
30363,100
30364,100
30365,100
30366,100
30367,100
30368,100
30369,100
30370,100
30371,100
30372,100
30373,100
30374,100
30375,100
30376,100
30377,100
30378,100
30379,100
30380,100
30381,100
30382,100
30383,100
30384,100
30385,100
30386,100
30387,100
30388,100
30389,100
30390,100
30391,100
30392,100
30393,100
30394,100
30395,100
30396,100
30397,100
30398,100
30399,100
30400,100
30401,100
30402,100
30403,100
30404,100
30405,100
30406,100
30407,100
30408,100
30409,100
30410,100
30411,100
30412,100
30413,100
30414,100
30415,100
30416,100
30417,100
30418,100
30419,100
30420,100
30421,100
30422,100
30423,100
30424,100
30425,100
30426,100
30427,100
30428,100
30429,100
30430,100
30431,100
30432,100
30433,100
30434,100
30435,100
30436,100
30437,100
30438,100
30439,100
30440,100
30441,100
30442,100
30443,100
30444,100
30445,100
30446,100
30447,100
30448,100
30449,100
30450,100
30451,100
30452,100
30453,100
30454,100
30455,100
30456,100
30457,100
30458,100
30459,100
30460,100
30461,100
30462,100
30463,100
30464,100
30465,100
30466,100
30467,100
30468,100
30469,100
30470,100
30471,100
30472,100
30473,100
30474,100
30475,100
30476,100
30477,100
30478,100
30479,100
30480,100
30481,100
30482,100
30483,100
30484,100
30485,100
30486,100
30487,100
30488,100
30489,100
30490,100
30491,100
30492,100
30493,100
30494,100
30495,100
30496,100
30497,100
30498,100
30499,100
30500,100
30501,100
30502,100
30503,100
30504,100
30505,100
30506,100
30507,100
30508,100
30509,100
30510,100
30511,100
30512,100
30513,100
30514,100
30515,100
30516,100
30517,100
30518,100
30519,100
30520,100
30521,100
30522,100
30523,100
30524,100
30525,100
30526,100
30527,100
30528,100
30529,100
30530,100
30531,100
30532,100
30533,100
30534,100
30535,100
30536,100
30537,100
30538,100
30539,100
30540,100
30541,100
30542,100
30543,100
30544,100
30545,100
30546,100
30547,100
30548,100
30549,100
30550,100
30551,100
30552,100
30553,100
30554,100
30555,100
30556,100
30557,100
30558,100
30559,100
30560,100
30561,100
30562,100
30563,100
30564,100
30565,100
30566,100
30567,100
30568,100
30569,100
30570,100
30571,100
30572,100
30573,100
30574,100
30575,100
30576,100
30577,100
30578,100
30579,100
30580,100
30581,100
30582,100
30583,100
30584,100
30585,100
30586,100
30587,100
30588,100
30589,100
30590,100
30591,100
30592,100
30593,100
30594,100
30595,100
30596,100
30597,100
30598,100
30599,100
30600,100
30601,100
30602,100
30603,100
30604,100
30605,100
30606,100
30607,100
30608,100
30609,100
30610,100
30611,100
30612,100
30613,100
30614,100
30615,100
30616,100
30617,100
30618,100
30619,100
30620,100
30621,100
30622,100
30623,100
30624,100
30625,100
30626,100
30627,100
30628,100
30629,100
30630,100
30631,100
30632,100
30633,100
30634,100
30635,100
30636,100
30637,100
30638,100
30639,100
30640,100
30641,100
30642,100
30643,100
30644,100
30645,100
30646,100
30647,100
30648,100
30649,100
30650,100
30651,100
30652,100
30653,100
30654,100
30655,100
30656,100
30657,100
30658,100
30659,100
30660,100
30661,100
30662,100
30663,100
30664,100
30665,100
30666,100
30667,100
30668,100
30669,100
30670,100
30671,100
30672,100
30673,100
30674,100
30675,100
30676,100
30677,100
30678,100
30679,100
30680,100
30681,100
30682,100
30683,100
30684,100
30685,100
30686,100
30687,100
30688,100
30689,100
30690,100
30691,100
30692,100
30693,100
30694,100
30695,100
30696,100
30697,100
30698,100
30699,100
30700,100
30701,100
30702,100
30703,100
30704,100
30705,100
30706,100
30707,100
30708,100
30709,100
30710,100
30711,100
30712,100
30713,100
30714,100
30715,100
30716,100
30717,100
30718,100
30719,100
30720,100
30721,100
30722,100
30723,100
30724,100
30725,100
30726,100
30727,100
30728,100
30729,100
30730,100
30731,100
30732,100
30733,100
30734,100
30735,100
30736,100
30737,100
30738,100
30739,100
30740,100
30741,100
30742,100
30743,100
30744,100
30745,100
30746,100
30747,100
30748,100
30749,100
30750,100
30751,100
30752,100
30753,100
30754,100
30755,100
30756,100
30757,100
30758,100
30759,100
30760,100
30761,100
30762,100
30763,100
30764,100
30765,100
30766,100
30767,100
30768,100
30769,100
30770,100
30771,100
30772,100
30773,100
30774,100
30775,100
30776,100
30777,100
30778,100
30779,100
30780,100
30781,100
30782,100
30783,100
30784,100
30785,100
30786,100
30787,100
30788,100
30789,100
30790,100
30791,100
30792,100
30793,100
30794,100
30795,100
30796,100
30797,100
30798,100
30799,100
30800,100
30801,100
30802,100
30803,100
30804,100
30805,100
30806,100
30807,100
30808,100
30809,100
30810,100
30811,100
30812,100
30813,100
30814,100
30815,100
30816,100
30817,100
30818,100
30819,100
30820,100
30821,100
30822,100
30823,100
30824,100
30825,100
30826,100
30827,100
30828,100
30829,100
30830,100
30831,100
30832,100
30833,100
30834,100
30835,100
30836,100
30837,100
30838,100
30839,100
30840,100
30841,100
30842,100
30843,100
30844,100
30845,100
30846,100
30847,100
30848,100
30849,100
30850,100
30851,100
30852,100
30853,100
30854,100
30855,100
30856,100
30857,100
30858,100
30859,100
30860,100
30861,100
30862,100
30863,100
30864,100
30865,100
30866,100
30867,100
30868,100
30869,100
30870,100
30871,100
30872,100
30873,100
30874,100
30875,100
30876,100
30877,100
30878,100
30879,100
30880,100
30881,100
30882,100
30883,100
30884,100
30885,100
30886,100
30887,100
30888,100
30889,100
30890,100
30891,100
30892,100
30893,100
30894,100
30895,100
30896,100
30897,100
30898,100
30899,100
30900,100
30901,100
30902,100
30903,100
30904,100
30905,100
30906,100
30907,100
30908,100
30909,100
30910,100
30911,100
30912,100
30913,100
30914,100
30915,100
30916,100
30917,100
30918,100
30919,100
30920,100
30921,100
30922,100
30923,100
30924,100
30925,100
30926,100
30927,100
30928,100
30929,100
30930,100
30931,100
30932,100
30933,100
30934,100
30935,100
30936,100
30937,100
30938,100
30939,100
30940,100
30941,100
30942,100
30943,100
30944,100
30945,100
30946,100
30947,100
30948,100
30949,100
30950,100
30951,100
30952,100
30953,100
30954,100
30955,100
30956,100
30957,100
30958,100
30959,100
30960,100
30961,100
30962,100
30963,100
30964,100
30965,100
30966,100
30967,100
30968,100
30969,100
30970,100
30971,100
30972,100
30973,100
30974,100
30975,100
30976,100
30977,100
30978,100
30979,100
30980,100
30981,100
30982,100
30983,100
30984,100
30985,100
30986,100
30987,100
30988,100
30989,100
30990,100
30991,100
30992,100
30993,100
30994,100
30995,100
30996,100
30997,100
30998,100
30999,100
31000,100
31001,100
31002,100
31003,100
31004,100
31005,100
31006,100
31007,100
31008,100
31009,100
31010,100
31011,100
31012,100
31013,100
31014,100
31015,100
31016,100
31017,100
31018,100
31019,100
31020,100
31021,100
31022,100
31023,100
31024,100
31025,100
31026,100
31027,100
31028,100
31029,100
31030,100
31031,100
31032,100
31033,100
31034,100
31035,100
31036,100
31037,100
31038,100
31039,100
31040,100
31041,100
31042,100
31043,100
31044,100
31045,100
31046,100
31047,100
31048,100
31049,100
31050,100
31051,100
31052,100
31053,100
31054,100
31055,100
31056,100
31057,100
31058,100
31059,100
31060,100
31061,100
31062,100
31063,100
31064,100
31065,100
31066,100
31067,100
31068,100
31069,100
31070,100
31071,100
31072,100
31073,100
31074,100
31075,100
31076,100
31077,100
31078,100
31079,100
31080,100
31081,100
31082,100
31083,100
31084,100
31085,100
31086,100
31087,100
31088,100
31089,100
31090,100
31091,100
31092,100
31093,100
31094,100
31095,100
31096,100
31097,100
31098,100
31099,100
31100,100
31101,100
31102,100
31103,100
31104,100
31105,100
31106,100
31107,100
31108,100
31109,100
31110,100
31111,100
31112,100
31113,100
31114,100
31115,100
31116,100
31117,100
31118,100
31119,100
31120,100
31121,100
31122,100
31123,100
31124,100
31125,100
31126,100
31127,100
31128,100
31129,100
31130,100
31131,100
31132,100
31133,100
31134,100
31135,100
31136,100
31137,100
31138,100
31139,100
31140,100
31141,100
31142,100
31143,100
31144,100
31145,100
31146,100
31147,100
31148,100
31149,100
31150,100
31151,100
31152,100
31153,100
31154,100
31155,100
31156,100
31157,100
31158,100
31159,100
31160,100
31161,100
31162,100
31163,100
31164,100
31165,100
31166,100
31167,100
31168,100
31169,100
31170,100
31171,100
31172,100
31173,100
31174,100
31175,100
31176,100
31177,100
31178,100
31179,100
31180,100
31181,100
31182,100
31183,100
31184,100
31185,100
31186,100
31187,100
31188,100
31189,100
31190,100
31191,100
31192,100
31193,100
31194,100
31195,100
31196,100
31197,100
31198,100
31199,100
31200,100
31201,100
31202,100
31203,100
31204,100
31205,100
31206,100
31207,100
31208,100
31209,100
31210,100
31211,100
31212,100
31213,100
31214,100
31215,100
31216,100
31217,100
31218,100
31219,100
31220,100
31221,100
31222,100
31223,100
31224,100
31225,100
31226,100
31227,100
31228,100
31229,100
31230,100
31231,100
31232,100
31233,100
31234,100
31235,100
31236,100
31237,100
31238,100
31239,100
31240,100
31241,100
31242,100
31243,100
31244,100
31245,100
31246,100
31247,100
31248,100
31249,100
31250,100
31251,100
31252,100
31253,100
31254,100
31255,100
31256,100
31257,100
31258,100
31259,100
31260,100
31261,100
31262,100
31263,100
31264,100
31265,100
31266,100
31267,100
31268,100
31269,100
31270,100
31271,100
31272,100
31273,100
31274,100
31275,100
31276,100
31277,100
31278,100
31279,100
31280,100
31281,100
31282,100
31283,100
31284,100
31285,100
31286,100
31287,100
31288,100
31289,100
31290,100
31291,100
31292,100
31293,100
31294,100
31295,100
31296,100
31297,100
31298,100
31299,100
31300,100
31301,100
31302,100
31303,100
31304,100
31305,100
31306,100
31307,100
31308,100
31309,100
31310,100
31311,100
31312,100
31313,100
31314,100
31315,100
31316,100
31317,100
31318,100
31319,100
31320,100
31321,100
31322,100
31323,100
31324,100
31325,100
31326,100
31327,100
31328,100
31329,100
31330,100
31331,100
31332,100
31333,100
31334,100
31335,100
31336,100
31337,100
31338,100
31339,100
31340,100
31341,100
31342,100
31343,100
31344,100
31345,100
31346,100
31347,100
31348,100
31349,100
31350,100
31351,100
31352,100
31353,100
31354,100
31355,100
31356,100
31357,100
31358,100
31359,100
31360,100
31361,100
31362,100
31363,100
31364,100
31365,100
31366,100
31367,100
31368,100
31369,100
31370,100
31371,100
31372,100
31373,100
31374,100
31375,100
31376,100
31377,100
31378,100
31379,100
31380,100
31381,100
31382,100
31383,100
31384,100
31385,100
31386,100
31387,100
31388,100
31389,100
31390,100
31391,100
31392,100
31393,100
31394,100
31395,100
31396,100
31397,100
31398,100
31399,100
31400,100
31401,100
31402,100
31403,100
31404,100
31405,100
31406,100
31407,100
31408,100
31409,100
31410,100
31411,100
31412,100
31413,100
31414,100
31415,100
31416,100
31417,100
31418,100
31419,100
31420,100
31421,100
31422,100
31423,100
31424,100
31425,100
31426,100
31427,100
31428,100
31429,100
31430,100
31431,100
31432,100
31433,100
31434,100
31435,100
31436,100
31437,100
31438,100
31439,100
31440,100
31441,100
31442,100
31443,100
31444,100
31445,100
31446,100
31447,100
31448,100
31449,100
31450,100
31451,100
31452,100
31453,100
31454,100
31455,100
31456,100
31457,100
31458,100
31459,100
31460,100
31461,100
31462,100
31463,100
31464,100
31465,100
31466,100
31467,100
31468,100
31469,100
31470,100
31471,100
31472,100
31473,100
31474,100
31475,100
31476,100
31477,100
31478,100
31479,100
31480,100
31481,100
31482,100
31483,100
31484,100
31485,100
31486,100
31487,100
31488,100
31489,100
31490,100
31491,100
31492,100
31493,100
31494,100
31495,100
31496,100
31497,100
31498,100
31499,100
31500,100
31501,100
31502,100
31503,100
31504,100
31505,100
31506,100
31507,100
31508,100
31509,100
31510,100
31511,100
31512,100
31513,100
31514,100
31515,100
31516,100
31517,100
31518,100
31519,100
31520,100
31521,100
31522,100
31523,100
31524,100
31525,100
31526,100
31527,100
31528,100
31529,100
31530,100
31531,100
31532,100
31533,100
31534,100
31535,100
31536,100
31537,100
31538,100
31539,100
31540,100
31541,100
31542,100
31543,100
31544,100
31545,100
31546,100
31547,100
31548,100
31549,100
31550,100
31551,100
31552,100
31553,100
31554,100
31555,100
31556,100
31557,100
31558,100
31559,100
31560,100
31561,100
31562,100
31563,100
31564,100
31565,100
31566,100
31567,100
31568,100
31569,100
31570,100
31571,100
31572,100
31573,100
31574,100
31575,100
31576,100
31577,100
31578,100
31579,100
31580,100
31581,100
31582,100
31583,100
31584,100
31585,100
31586,100
31587,100
31588,100
31589,100
31590,100
31591,100
31592,100
31593,100
31594,100
31595,100
31596,100
31597,100
31598,100
31599,100
31600,100
31601,100
31602,100
31603,100
31604,100
31605,100
31606,100
31607,100
31608,100
31609,100
31610,100
31611,100
31612,100
31613,100
31614,100
31615,100
31616,100
31617,100
31618,100
31619,100
31620,100
31621,100
31622,100
31623,100
31624,100
31625,100
31626,100
31627,100
31628,100
31629,100
31630,100
31631,100
31632,100
31633,100
31634,100
31635,100
31636,100
31637,100
31638,100
31639,100
31640,100
31641,100
31642,100
31643,100
31644,100
31645,100
31646,100
31647,100
31648,100
31649,100
31650,100
31651,100
31652,100
31653,100
31654,100
31655,100
31656,100
31657,100
31658,100
31659,100
31660,100
31661,100
31662,100
31663,100
31664,100
31665,100
31666,100
31667,100
31668,100
31669,100
31670,100
31671,100
31672,100
31673,100
31674,100
31675,100
31676,100
31677,100
31678,100
31679,100
31680,100
31681,100
31682,100
31683,100
31684,100
31685,100
31686,100
31687,100
31688,100
31689,100
31690,100
31691,100
31692,100
31693,100
31694,100
31695,100
31696,100
31697,100
31698,100
31699,100
31700,100
31701,100
31702,100
31703,100
31704,100
31705,100
31706,100
31707,100
31708,100
31709,100
31710,100
31711,100
31712,100
31713,100
31714,100
31715,100
31716,100
31717,100
31718,100
31719,100
31720,100
31721,100
31722,100
31723,100
31724,100
31725,100
31726,100
31727,100
31728,100
31729,100
31730,100
31731,100
31732,100
31733,100
31734,100
31735,100
31736,100
31737,100
31738,100
31739,100
31740,100
31741,100
31742,100
31743,100
31744,100
31745,100
31746,100
31747,100
31748,100
31749,100
31750,100
31751,100
31752,100
31753,100
31754,100
31755,100
31756,100
31757,100
31758,100
31759,100
31760,100
31761,100
31762,100
31763,100
31764,100
31765,100
31766,100
31767,100
31768,100
31769,100
31770,100
31771,100
31772,100
31773,100
31774,100
31775,100
31776,100
31777,100
31778,100
31779,100
31780,100
31781,100
31782,100
31783,100
31784,100
31785,100
31786,100
31787,100
31788,100
31789,100
31790,100
31791,100
31792,100
31793,100
31794,100
31795,100
31796,100
31797,100
31798,100
31799,100
31800,100
31801,100
31802,100
31803,100
31804,100
31805,100
31806,100
31807,100
31808,100
31809,100
31810,100
31811,100
31812,100
31813,100
31814,100
31815,100
31816,100
31817,100
31818,100
31819,100
31820,100
31821,100
31822,100
31823,100
31824,100
31825,100
31826,100
31827,100
31828,100
31829,100
31830,100
31831,100
31832,100
31833,100
31834,100
31835,100
31836,100
31837,100
31838,100
31839,100
31840,100
31841,100
31842,100
31843,100
31844,100
31845,100
31846,100
31847,100
31848,100
31849,100
31850,100
31851,100
31852,100
31853,100
31854,100
31855,100
31856,100
31857,100
31858,100
31859,100
31860,100
31861,100
31862,100
31863,100
31864,100
31865,100
31866,100
31867,100
31868,100
31869,100
31870,100
31871,100
31872,100
31873,100
31874,100
31875,100
31876,100
31877,100
31878,100
31879,100
31880,100
31881,100
31882,100
31883,100
31884,100
31885,100
31886,100
31887,100
31888,100
31889,100
31890,100
31891,100
31892,100
31893,100
31894,100
31895,100
31896,100
31897,100
31898,100
31899,100
31900,100
31901,100
31902,100
31903,100
31904,100
31905,100
31906,100
31907,100
31908,100
31909,100
31910,100
31911,100
31912,100
31913,100
31914,100
31915,100
31916,100
31917,100
31918,100
31919,100
31920,100
31921,100
31922,100
31923,100
31924,100
31925,100
31926,100
31927,100
31928,100
31929,100
31930,100
31931,100
31932,100
31933,100
31934,100
31935,100
31936,100
31937,100
31938,100
31939,100
31940,100
31941,100
31942,100
31943,100
31944,100
31945,100
31946,100
31947,100
31948,100
31949,100
31950,100
31951,100
31952,100
31953,100
31954,100
31955,100
31956,100
31957,100
31958,100
31959,100
31960,100
31961,100
31962,100
31963,100
31964,100
31965,100
31966,100
31967,100
31968,100
31969,100
31970,100
31971,100
31972,100
31973,100
31974,100
31975,100
31976,100
31977,100
31978,100
31979,100
31980,100
31981,100
31982,100
31983,100
31984,100
31985,100
31986,100
31987,100
31988,100
31989,100
31990,100
31991,100
31992,100
31993,100
31994,100
31995,100
31996,100
31997,100
31998,100
31999,100
32000,100
32001,100
32002,100
32003,100
32004,100
32005,100
32006,100
32007,100
32008,100
32009,100
32010,100
32011,100
32012,100
32013,100
32014,100
32015,100
32016,100
32017,100
32018,100
32019,100
32020,100
32021,100
32022,100
32023,100
32024,100
32025,100
32026,100
32027,100
32028,100
32029,100
32030,100
32031,100
32032,100
32033,100
32034,100
32035,100
32036,100
32037,100
32038,100
32039,100
32040,100
32041,100
32042,100
32043,100
32044,100
32045,100
32046,100
32047,100
32048,100
32049,100
32050,100
32051,100
32052,100
32053,100
32054,100
32055,100
32056,100
32057,100
32058,100
32059,100
32060,100
32061,100
32062,100
32063,100
32064,100
32065,100
32066,100
32067,100
32068,100
32069,100
32070,100
32071,100
32072,100
32073,100
32074,100
32075,100
32076,100
32077,100
32078,100
32079,100
32080,100
32081,100
32082,100
32083,100
32084,100
32085,100
32086,100
32087,100
32088,100
32089,100
32090,100
32091,100
32092,100
32093,100
32094,100
32095,100
32096,100
32097,100
32098,100
32099,100
32100,100
32101,100
32102,100
32103,100
32104,100
32105,100
32106,100
32107,100
32108,100
32109,100
32110,100
32111,100
32112,100
32113,100
32114,100
32115,100
32116,100
32117,100
32118,100
32119,100
32120,100
32121,100
32122,100
32123,100
32124,100
32125,100
32126,100
32127,100
32128,100
32129,100
32130,100
32131,100
32132,100
32133,100
32134,100
32135,100
32136,100
32137,100
32138,100
32139,100
32140,100
32141,100
32142,100
32143,100
32144,100
32145,100
32146,100
32147,100
32148,100
32149,100
32150,100
32151,100
32152,100
32153,100
32154,100
32155,100
32156,100
32157,100
32158,100
32159,100
32160,100
32161,100
32162,100
32163,100
32164,100
32165,100
32166,100
32167,100
32168,100
32169,100
32170,100
32171,100
32172,100
32173,100
32174,100
32175,100
32176,100
32177,100
32178,100
32179,100
32180,100
32181,100
32182,100
32183,100
32184,100
32185,100
32186,100
32187,100
32188,100
32189,100
32190,100
32191,100
32192,100
32193,100
32194,100
32195,100
32196,100
32197,100
32198,100
32199,100
32200,100
32201,100
32202,100
32203,100
32204,100
32205,100
32206,100
32207,100
32208,100
32209,100
32210,100
32211,100
32212,100
32213,100
32214,100
32215,100
32216,100
32217,100
32218,100
32219,100
32220,100
32221,100
32222,100
32223,100
32224,100
32225,100
32226,100
32227,100
32228,100
32229,100
32230,100
32231,100
32232,100
32233,100
32234,100
32235,100
32236,100
32237,100
32238,100
32239,100
32240,100
32241,100
32242,100
32243,100
32244,100
32245,100
32246,100
32247,100
32248,100
32249,100
32250,100
32251,100
32252,100
32253,100
32254,100
32255,100
32256,100
32257,100
32258,100
32259,100
32260,100
32261,100
32262,100
32263,100
32264,100
32265,100
32266,100
32267,100
32268,100
32269,100
32270,100
32271,100
32272,100
32273,100
32274,100
32275,100
32276,100
32277,100
32278,100
32279,100
32280,100
32281,100
32282,100
32283,100
32284,100
32285,100
32286,100
32287,100
32288,100
32289,100
32290,100
32291,100
32292,100
32293,100
32294,100
32295,100
32296,100
32297,100
32298,100
32299,100
32300,100
32301,100
32302,100
32303,100
32304,100
32305,100
32306,100
32307,100
32308,100
32309,100
32310,100
32311,100
32312,100
32313,100
32314,100
32315,100
32316,100
32317,100
32318,100
32319,100
32320,100
32321,100
32322,100
32323,100
32324,100
32325,100
32326,100
32327,100
32328,100
32329,100
32330,100
32331,100
32332,100
32333,100
32334,100
32335,100
32336,100
32337,100
32338,100
32339,100
32340,100
32341,100
32342,100
32343,100
32344,100
32345,100
32346,100
32347,100
32348,100
32349,100
32350,100
32351,100
32352,100
32353,100
32354,100
32355,100
32356,100
32357,100
32358,100
32359,100
32360,100
32361,100
32362,100
32363,100
32364,100
32365,100
32366,100
32367,100
32368,100
32369,100
32370,100
32371,100
32372,100
32373,100
32374,100
32375,100
32376,100
32377,100
32378,100
32379,100
32380,100
32381,100
32382,100
32383,100
32384,100
32385,100
32386,100
32387,100
32388,100
32389,100
32390,100
32391,100
32392,100
32393,100
32394,100
32395,100
32396,100
32397,100
32398,100
32399,100
32400,100
32401,100
32402,100
32403,100
32404,100
32405,100
32406,100
32407,100
32408,100
32409,100
32410,100
32411,100
32412,100
32413,100
32414,100
32415,100
32416,100
32417,100
32418,100
32419,100
32420,100
32421,100
32422,100
32423,100
32424,100
32425,100
32426,100
32427,100
32428,100
32429,100
32430,100
32431,100
32432,100
32433,100
32434,100
32435,100
32436,100
32437,100
32438,100
32439,100
32440,100
32441,100
32442,100
32443,100
32444,100
32445,100
32446,100
32447,100
32448,100
32449,100
32450,100
32451,100
32452,100
32453,100
32454,100
32455,100
32456,100
32457,100
32458,100
32459,100
32460,100
32461,100
32462,100
32463,100
32464,100
32465,100
32466,100
32467,100
32468,100
32469,100
32470,100
32471,100
32472,100
32473,100
32474,100
32475,100
32476,100
32477,100
32478,100
32479,100
32480,100
32481,100
32482,100
32483,100
32484,100
32485,100
32486,100
32487,100
32488,100
32489,100
32490,100
32491,100
32492,100
32493,100
32494,100
32495,100
32496,100
32497,100
32498,100
32499,100
32500,100
32501,100
32502,100
32503,100
32504,100
32505,100
32506,100
32507,100
32508,100
32509,100
32510,100
32511,100
32512,100
32513,100
32514,100
32515,100
32516,100
32517,100
32518,100
32519,100
32520,100
32521,100
32522,100
32523,100
32524,100
32525,100
32526,100
32527,100
32528,100
32529,100
32530,100
32531,100
32532,100
32533,100
32534,100
32535,100
32536,100
32537,100
32538,100
32539,100
32540,100
32541,100
32542,100
32543,100
32544,100
32545,100
32546,100
32547,100
32548,100
32549,100
32550,100
32551,100
32552,100
32553,100
32554,100
32555,100
32556,100
32557,100
32558,100
32559,100
32560,100
32561,100
32562,100
32563,100
32564,100
32565,100
32566,100
32567,100
32568,100
32569,100
32570,100
32571,100
32572,100
32573,100
32574,100
32575,100
32576,100
32577,100
32578,100
32579,100
32580,100
32581,100
32582,100
32583,100
32584,100
32585,100
32586,100
32587,100
32588,100
32589,100
32590,100
32591,100
32592,100
32593,100
32594,100
32595,100
32596,100
32597,100
32598,100
32599,100
32600,100
32601,100
32602,100
32603,100
32604,100
32605,100
32606,100
32607,100
32608,100
32609,100
32610,100
32611,100
32612,100
32613,100
32614,100
32615,100
32616,100
32617,100
32618,100
32619,100
32620,100
32621,100
32622,100
32623,100
32624,100
32625,100
32626,100
32627,100
32628,100
32629,100
32630,100
32631,100
32632,100
32633,100
32634,100
32635,100
32636,100
32637,100
32638,100
32639,100
32640,100
32641,100
32642,100
32643,100
32644,100
32645,100
32646,100
32647,100
32648,100
32649,100
32650,100
32651,100
32652,100
32653,100
32654,100
32655,100
32656,100
32657,100
32658,100
32659,100
32660,100
32661,100
32662,100
32663,100
32664,100
32665,100
32666,100
32667,100
32668,100
32669,100
32670,100
32671,100
32672,100
32673,100
32674,100
32675,100
32676,100
32677,100
32678,100
32679,100
32680,100
32681,100
32682,100
32683,100
32684,100
32685,100
32686,100
32687,100
32688,100
32689,100
32690,100
32691,100
32692,100
32693,100
32694,100
32695,100
32696,100
32697,100
32698,100
32699,100
32700,100
32701,100
32702,100
32703,100
32704,100
32705,100
32706,100
32707,100
32708,100
32709,100
32710,100
32711,100
32712,100
32713,100
32714,100
32715,100
32716,100
32717,100
32718,100
32719,100
32720,100
32721,100
32722,100
32723,100
32724,100
32725,100
32726,100
32727,100
32728,100
32729,100
32730,100
32731,100
32732,100
32733,100
32734,100
32735,100
32736,100
32737,100
32738,100
32739,100
32740,100
32741,100
32742,100
32743,100
32744,100
32745,100
32746,100
32747,100
32748,100
32749,100
32750,100
32751,100
32752,100
32753,100
32754,100
32755,100
32756,100
32757,100
32758,100
32759,100
32760,100
32761,100
32762,100
32763,100
32764,100
32765,100
32766,100
32767,100
32768,100
32769,100
32770,100
32771,100
32772,100
32773,100
32774,100
32775,100
32776,100
32777,100
32778,100
32779,100
32780,100
32781,100
32782,100
32783,100
32784,100
32785,100
32786,100
32787,100
32788,100
32789,100
32790,100
32791,100
32792,100
32793,100
32794,100
32795,100
32796,100
32797,100
32798,100
32799,100
32800,100
32801,100
32802,100
32803,100
32804,100
32805,100
32806,100
32807,100
32808,100
32809,100
32810,100
32811,100
32812,100
32813,100
32814,100
32815,100
32816,100
32817,100
32818,100
32819,100
32820,100
32821,100
32822,100
32823,100
32824,100
32825,100
32826,100
32827,100
32828,100
32829,100
32830,100
32831,100
32832,100
32833,100
32834,100
32835,100
32836,100
32837,100
32838,100
32839,100
32840,100
32841,100
32842,100
32843,100
32844,100
32845,100
32846,100
32847,100
32848,100
32849,100
32850,100
32851,100
32852,100
32853,100
32854,100
32855,100
32856,100
32857,100
32858,100
32859,100
32860,100
32861,100
32862,100
32863,100
32864,100
32865,100
32866,100
32867,100
